campanha_id,ambiente_id,execucao_id,build_sha,caso_id,variante,interface,modo,tipo_ensaio,tentativa,inicio_utc,fim_utc,resultado,resumo_observado,verificacao_independente,evidencia,issue,observador
,,,,TRL-01,,,,,,,,NOT_RUN,,,,,
,,,,TRL-02,,,,,,,,NOT_RUN,,,,,
,,,,TRL-03,,,,,,,,NOT_RUN,,,,,
,,,,TRL-04,,,,,,,,NOT_RUN,,,,,
,,,,TRL-05,,,,,,,,NOT_RUN,,,,,
,,,,INS-01,,,,,,,,NOT_RUN,,,,,
,,,,INS-02,,,,,,,,NOT_RUN,,,,,
,,,,INS-03,,,,,,,,NOT_RUN,,,,,
,,,,CTX-01,,,,,,,,NOT_RUN,,,,,
,,,,UI-01,,,,,,,,NOT_RUN,,,,,
,,,,UI-02,,,,,,,,NOT_RUN,,,,,
,,,,CFG-01,,,,,,,,NOT_RUN,,,,,
,,,,EXP-01,,,,,,,,NOT_RUN,,,,,
,,,,AI-01,,,,,,,,NOT_RUN,,,,,
,,,,AI-02,,,,,,,,NOT_RUN,,,,,
,,,,AI-03,,,,,,,,NOT_RUN,,,,,
,,,,AI-04,,,,,,,,NOT_RUN,,,,,
,,,,KNW-01,,,,,,,,NOT_RUN,,,,,
,,,,DIA-01,,,,,,,,NOT_RUN,,,,,
,,,,DIA-02,,,,,,,,NOT_RUN,,,,,
,,,,SES-01,,,,,,,,NOT_RUN,,,,,
,,,,SES-02,,,,,,,,NOT_RUN,,,,,
,,,,SES-03,,,,,,,,NOT_RUN,,,,,
,,,,PKG-01,,,,,,,,NOT_RUN,,,,,
,,,,PKG-02,,,,,,,,NOT_RUN,,,,,
,,,,PKG-03,,,,,,,,NOT_RUN,,,,,
,,,,PKG-04,,,,,,,,NOT_RUN,,,,,
,,,,AUT-01,,,,,,,,NOT_RUN,,,,,
,,,,AUT-02,,,,,,,,NOT_RUN,,,,,
,,,,AUT-03,,,,,,,,NOT_RUN,,,,,
,,,,DSP-01,,,,,,,,NOT_RUN,,,,,
,,,,DSP-02,,,,,,,,NOT_RUN,,,,,
,,,,DSP-03,,,,,,,,NOT_RUN,,,,,
,,,,DSP-04,,,,,,,,NOT_RUN,,,,,
,,,,DSP-05,,,,,,,,NOT_RUN,,,,,
,,,,DSP-06,,,,,,,,NOT_RUN,,,,,
,,,,DSP-07,,,,,,,,NOT_RUN,,,,,
,,,,SVC-01,,,,,,,,NOT_RUN,,,,,
,,,,SVC-02,,,,,,,,NOT_RUN,,,,,
,,,,SVC-03,,,,,,,,NOT_RUN,,,,,
,,,,SVC-04,,,,,,,,NOT_RUN,,,,,
,,,,SVC-05,,,,,,,,NOT_RUN,,,,,
,,,,SVC-06,,,,,,,,NOT_RUN,,,,,
,,,,FIL-01,,,,,,,,NOT_RUN,,,,,
,,,,FIL-02,,,,,,,,NOT_RUN,,,,,
,,,,FIL-03,,,,,,,,NOT_RUN,,,,,
,,,,FIL-04,,,,,,,,NOT_RUN,,,,,
,,,,STO-01,,,,,,,,NOT_RUN,,,,,
,,,,STO-02,,,,,,,,NOT_RUN,,,,,
,,,,AUD-01,,,,,,,,NOT_RUN,,,,,
,,,,AUD-02,,,,,,,,NOT_RUN,,,,,
,,,,AUD-03,,,,,,,,NOT_RUN,,,,,
,,,,CAP-01,,,,,,,,NOT_RUN,,,,,
,,,,DEV-01,,,,,,,,NOT_RUN,,,,,
,,,,DEV-02,,,,,,,,NOT_RUN,,,,,
,,,,DEV-03,,,,,,,,NOT_RUN,,,,,
